<?xml version="1.0" encoding="UTF-8"?>
<!DOCTYPE mapper
  PUBLIC "-//mybatis.org//DTD Mapper 3.0//EN"
  "http://mybatis.org/dtd/mybatis-3-mapper.dtd">
<mapper namespace="hair.admin">
<select id="indexTop5" resultType="hair.hairshop.model.HairShop_BbsDTO">
      SELECT hb.*,nvl(c.s,0) as NVL,hs.HAIRSHOP_NAME FROM hairshop hs,hairshop_bbs hb  LEFT OUTER
      JOIN (
      SELECT hairshop_bbs_idx, COUNT(*) s
      FROM hairshop_bbs_good
      GROUP BY hairshop_bbs_good.hairshop_bbs_idx)c ON hb.hairshop_bbs_idx = c.hairshop_bbs_idx
         WHERE hs.hairshop_idx=hb.HAIRSHOP_IDX AND hb.hairshop_bbs_state=1 AND ROWNUM<![CDATA[<=]]>5 ORDER BY NVL desc
   </select>

	<insert id="notice_write" parameterType="hair.community.model.NoticeDTO">
		insert into notice values(
		NOTICE_IDX.nextval,
		#{notice_subject},
		#{notice_content},
		sysdate,
		#{notice_state}
		)
	</insert>
	
	<update id="notice_del" parameterType="integer">
		update notice set notice_state=2 where notice_idx=#{notice_idx}
	</update>
	
	<update id="notice_update" parameterType="hashmap">
		update notice set notice_subject=#{notice_subject}, notice_content=#{notice_content}, notice_state=#{notice_state} where notice_idx=#{notice_idx}
	</update>
	
	<update id="qna_del" parameterType="integer">
		update qna set qna_state=2 where qna_idx=#{qna_idx}
	</update>
	
	<select id="notice_list" resultType="hair.community.model.NoticeDTO">
		select * from notice where notice_state=1
	</select>
	
	<select id="notice_content" resultType="hair.community.model.NoticeDTO">
		select * from notice where notice_idx=#{notice_idx}
	</select>
	
	<insert id="qna_write" parameterType="hair.community.model.QnaDTO">
		insert into qna values(
		qna_idx.nextval,
		#{qna_q},
		#{qna_a},
		sysdate,
		#{qna_state},
		#{qna_subject}
		)
	</insert>
	
	<update id="qna_update" parameterType="hashmap">
		update qna set qna_q=#{qna_q}, qna_a=#{qna_a}, qna_state=#{qna_state}, qna_subject=#{qna_subject} where qna_idx=#{qna_idx}
	</update>
	
	<select id="qna_list" resultType="hair.community.model.QnaDTO">
		select * from qna where qna_state=1
	</select>
	
	<select id="qna_content" resultType="hair.community.model.QnaDTO" parameterType="integer">
		select * from qna where qna_idx=#{qna_idx}
	</select>
	
	<update id="hairshop_spon" parameterType="hashmap">
		update hairshop set hairshop_spon_level=#{hairshop_level} where hairshop_idx=#{hairshop_idx}
	</update>
	
	<update id="hairshop_bbs_spon" parameterType="hashmap">
		update hairshop_bbs set hairshop_bbs_level= #{hairshop_bbs_level} where hairshop_idx=#{hairshop_idx}
	</update>

<!--           $$$$$$$$$$$$$$$$$$$$$$$$$$$$$$$$$$$$$$$$$$$$$$$$$$$$$$$$$$$$$$$$$$$$$$$$$$$$$ -->
<insert id="sendMsgAllMember" parameterType="String">
		insert all into message
		values(message_idx.nextval,sender_idx,receiver_idx,#{message_content},sysdate,0)
		       select a.sender_idx, b.receiver_idx from 
		      (select member_idx sender_idx from member where member_state = 0)a, 
		      (select member_idx receiver_idx from member where member_state not in(0))b
	</insert>
	<insert id="sendMsgAllShop" parameterType="String">
		insert all into message
		values(message_idx.nextval,sender_idx,receiver_idx,#{message_content},sysdate,0)
		       select a.sender_idx, b.receiver_idx from 
		      (select member_idx sender_idx from member where member_id = 'admin')a, 
		      (select hairshop_idx receiver_idx from hairshop)b
	</insert>
	
	<!-- member paging(totalCnt) -->
	<select id="normalTotalCnt" resultType="Integer">
		select count(*) from member where member_state=1
	</select>
	<select id="blackTotalCnt" resultType="Integer">
		select count(*) from member where member_state=2
	</select>
	<select id="outTotalCnt" resultType="Integer">
		select count(*) from member where member_state=3
	</select>
	
	<!-- member -->
	<select id="memberList" parameterType="HashMap" resultType="hair.member.model.MemberDTO">
		select * from
		(select rownum as r,d.* from
		(select * from member where member_state=1 order by member_idx desc)d)
		where r<![CDATA[>=]]>#{startnum} and r<![CDATA[<=]]>#{endnum}
	</select>
	<update id="makeMemberOut">
		update member set member_state=3 where member_id=#{members_id}
	</update>
	<update id="makeMemberBlack">
		update member set member_state=2 where member_id=#{members_id}
	</update>
	<insert id="sendMsgMemberChecked" parameterType="HashMap">
		insert into message
		values(message_idx.nextval,(select member_idx sender_idx from member where member_state = 0),
		(select member_idx receiver_idx from member where member_id = #{members_id}),#{message_content},sysdate,0)
	</insert>
	<update id="setMemberLevel" parameterType="HashMap">
		update member set member_level=#{member_level} where member_id=#{members_id}
	</update>
	<select id="blackMemberList" parameterType="HashMap" resultType="hair.member.model.MemberDTO">
		select * from
		(select rownum as r,d.* from
		(select * from member where member_state=2 order by member_idx desc)d)
		where r<![CDATA[>=]]>#{startnum} and r<![CDATA[<=]]>#{endnum}
	</select>
	<select id="outMemberList" parameterType="HashMap" resultType="hair.member.model.MemberDTO">
		select * from
		(select rownum as r,d.* from
		(select * from member where member_state=3 order by member_idx desc)d)
		where r<![CDATA[>=]]>#{startnum} and r<![CDATA[<=]]>#{endnum}
	</select>
	<update id="makeMemberNormal">
		update member set member_state=1 where member_id=#{members_id}
	</update>
	<select id="memberSearch" parameterType="String" resultType="hair.member.model.MemberDTO">
		select * from member where member_id=#{member_id}
	</select>
	
	<!-- hairshop paging(totalCnt) -->
	<select id="beforeHairshopTotalCnt" resultType="Integer">
		select count(*) from hairshop where hairshop_state=0
	</select>
	<select id="joinHairshopTotalCnt" resultType="Integer">
		select count(*) from hairshop where hairshop_state=1
	</select>
	<select id="rejectHairshopTotalCnt" resultType="Integer">
		select count(*) from hairshop where hairshop_state=-1
	</select>
	<select id="blackHairshopTotalCnt" resultType="Integer">
		select count(*) from hairshop where hairshop_state=2
	</select>
	<select id="outHairshopTotalCnt" resultType="Integer">
		select count(*) from hairshop where hairshop_state=3
	</select>
	
	<!-- hairshop -->
	<select id="beforeHairshopList" parameterType="HashMap" resultType="hair.hairshop.model.HairShopDTO">
		select * from
		(select rownum as r,d.* from
		(select * from hairshop where hairshop_state=0 order by hairshop_idx desc)d)
		where r<![CDATA[>=]]>#{startnum} and r<![CDATA[<=]]>#{endnum}
	</select>

	<update id="makeHairshopJoin" parameterType="HashMap">
		update hairshop set hairshop_state=1 where hairshop_id=#{hairshops_id} or hairshop_idx=#{hairshop_idx}
	</update>
	<update id="rejectHairshopJoin" parameterType="HashMap">
		update hairshop set hairshop_state=-1 where hairshop_id=#{hairshops_id} or hairshop_idx=#{hairshop_idx}
	</update>
	<select id="joinHairshopList" parameterType="HashMap" resultType="hair.hairshop.model.HairShopDTO">
		select * from
		(select rownum as r,d.* from
		(select * from hairshop where hairshop_state=1 order by hairshop_spon_level desc)d)
		where r<![CDATA[>=]]>#{startnum} and r<![CDATA[<=]]>#{endnum}
	</select>
	<select id="rejectHairshopList" parameterType="HashMap" resultType="hair.hairshop.model.HairShopDTO">
		select * from
		(select rownum as r,d.* from
		(select * from hairshop where hairshop_state=-1 order by hairshop_idx desc)d)
		where r<![CDATA[>=]]>#{startnum} and r<![CDATA[<=]]>#{endnum}
	</select>
	<update id="makeHairshopOut">
		update hairshop set hairshop_state=3 where hairshop_id=#{hairshops_id}
	</update>
	<select id="outHairshopList" parameterType="HashMap" resultType="hair.hairshop.model.HairShopDTO">
		select * from
		(select rownum as r,d.* from
		(select * from hairshop where hairshop_state=3 order by hairshop_idx desc)d)
		where r<![CDATA[>=]]>#{startnum} and r<![CDATA[<=]]>#{endnum}
	</select>
	<update id="makeHairshopBlack">
		update hairshop set hairshop_state=2 where hairshop_id=#{hairshops_id}
	</update>
	<select id="blackHairshopList" parameterType="HashMap" resultType="hair.hairshop.model.HairShopDTO">
		select * from
		(select rownum as r,d.* from
		(select * from hairshop where hairshop_state=2 order by hairshop_idx desc)d)
		where r<![CDATA[>=]]>#{startnum} and r<![CDATA[<=]]>#{endnum}
	</select>
	<update id="makeHairshopNormal">
		update hairshop set hairshop_state=1 where hairshop_id=#{hairshops_id}
	</update>
	<insert id="sendMsgHairshopChecked" parameterType="HashMap">
		insert into message
		values(message_idx.nextval,(select member_idx sender_idx from member where member_state = 0),
		(select hairshop_idx receiver_idx from hairshop where hairshop_id = #{hairshops_id}),#{message_content},sysdate,0)
	</insert>
	<update id="setHairshopLevel" parameterType="HashMap">
		update hairshop set hairshop_level=#{hairshop_level} where hairshop_id=#{hairshops_id}
	</update>
	<update id="updateHairshopInfo" parameterType="hair.hairshop.model.HairShopDTO">
		update hairshop set hairshop_name=#{hairshop_name},hairshop_ceo=#{hairshop_ceo},hairshop_tel=#{hairshop_tel},
							hairshop_addr=#{hairshop_addr},hairshop_open=#{hairshop_open},hairshop_off=#{hairshop_off},
							hairshop_info=#{hairshop_info},hairshop_addinfo=#{hairshop_addinfo}
							where hairshop_idx=#{hairshop_idx}
	</update>
	<select id="hairshopSearch" parameterType="String" resultType="hair.hairshop.model.HairShopDTO">
		select * from hairshop where hairshop_id=#{hairshop_id}
	</select>
	
	<!-- hairshop_bbs paging(totalCnt) -->
	<select id="normalHairshop_bbsTotalCnt" resultType="Integer">
		select count(*) from hairshop_bbs where hairshop_bbs_state=1
	</select>
	<select id="notOpenHairshop_bbsTotalCnt" resultType="Integer">
		select count(*) from hairshop_bbs where hairshop_bbs_state=0
	</select>
	<select id="deleteHairshop_bbsTotalCnt" resultType="Integer">
		select count(*) from hairshop_bbs where hairshop_bbs_state=2
	</select>
	
	<!-- hairshop_bbs -->
	<resultMap type="hair.hairshop.model.HairShop_BbsDTO" id="hairshop_bbs">
		<result property="hairshop_bbs_idx" column="hairshop_bbs_idx"/>
		<result property="hairshop_bbs_subject" column="hairshop_bbs_subject"/>
		<result property="hairshop_bbs_content" column="hairshop_bbs_content"/>
		<result property="hairshop_bbs_hashtag" column="hairshop_bbs_hashtag"/>
		<result property="hairshop_bbs_writedate" column="hairshop_bbs_writedate"/>
		<result property="hairshop_bbs_state" column="hairshop_bbs_state"/>		
		<result property="hairshop_bbs_level" column="hairshop_bbs_level"/>
		<association property="designerDto" javaType="DesignerDTO">
			<result property="designer_name" column="designer_name"/>
		</association>
	</resultMap>
	<select id="hairshop_bbsList" parameterType="HashMap" resultMap="hairshop_bbs">
		select * from
		(select rownum as r,d.* from
		(select * from hairshop_bbs hb join designer dg on hb.designer_idx=dg.designer_idx 
		where hairshop_bbs_state=1 order by hairshop_bbs_level desc)d)
		where r<![CDATA[>=]]>#{startnum} and r<![CDATA[<=]]>#{endnum}
	</select>
	<select id="notOpenHairshop_bbsList" parameterType="HashMap" resultMap="hairshop_bbs">
		select * from
		(select rownum as r,d.* from
		(select * from hairshop_bbs hb join designer dg on hb.designer_idx=dg.designer_idx 
		where hairshop_bbs_state=0 order by hairshop_bbs_level desc)d)
		where r<![CDATA[>=]]>#{startnum} and r<![CDATA[<=]]>#{endnum}
	</select>
	<select id="deleteHairshop_bbsList" parameterType="HashMap" resultMap="hairshop_bbs">
		select * from
		(select rownum as r,d.* from
		(select * from hairshop_bbs hb join designer dg on hb.designer_idx=dg.designer_idx 
		where hairshop_bbs_state=2 order by hairshop_bbs_level desc)d)
		where r<![CDATA[>=]]>#{startnum} and r<![CDATA[<=]]>#{endnum}
	</select>
	<select id="hairshop_bbsContent" parameterType="Integer" resultMap="hairshop_bbs">
		select * from hairshop_bbs where hairshop_bbs_idx=#{hairshop_bbs_idx}
	</select>
	<update id="makeBbsNotOpen">
		update hairshop_bbs set hairshop_bbs_state=0 where hairshop_bbs_idx=#{hairshop_bbs_idx}
	</update>
	<update id="makeBbsDelete">
		update hairshop_bbs set hairshop_bbs_state=2 where hairshop_bbs_idx=#{hairshop_bbs_idx}
	</update>
	<update id="makeBbsNormal">
		update hairshop_bbs set hairshop_bbs_state=1 where hairshop_bbs_idx=#{hairshop_bbs_idx}
	</update>
	<select id="bbsSearch_writer" parameterType="String" resultMap="hairshop_bbs">
		select * from hairshop_bbs hb join designer dg on hb.designer_idx=dg.designer_idx 
		where designer_name like '%'||#{designer_name}||'%'
	</select>
	<select id="bbsSearch_subject" parameterType="String" resultMap="hairshop_bbs">
		select * from hairshop_bbs hb join designer dg on hb.designer_idx=dg.designer_idx 
		where hairshop_bbs_subject like '%'||#{hairshop_bbs_subject}||'%'
	</select>
	
	<!-- spon paging(totalCnt) -->
	<select id="readySpon_totalCnt" resultType="Integer">
		select count(*) from hairshop hs join spon sp on hs.hairshop_idx=sp.hairshop_idx where spon_state=0
	</select>
	<select id="joinSpon_totalCnt" resultType="Integer">
		select count(*) from hairshop hs join spon sp on hs.hairshop_idx=sp.hairshop_idx where spon_state=4
	</select>
	<select id="startSpon_totalCnt" resultType="Integer">
		select count(*) from hairshop hs join spon sp on hs.hairshop_idx=sp.hairshop_idx where spon_state=1
	</select>
	<select id="finishSpon_totalCnt" resultType="Integer">
		select count(*) from hairshop hs join spon sp on hs.hairshop_idx=sp.hairshop_idx where spon_state=2
	</select>
	<select id="cancelSpon_totalCnt" resultType="Integer">
		select count(*) from hairshop hs join spon sp on hs.hairshop_idx=sp.hairshop_idx where spon_state=3
	</select>
	<select id="rejectSpon_totalCnt" resultType="Integer">
		select count(*) from hairshop hs join spon sp on hs.hairshop_idx=sp.hairshop_idx where spon_state=5
	</select>
	
	<!-- spon -->
	<resultMap type="hair.spon.model.SponDTO" id="spon">
		<result property="spon_idx" column="spon_idx"/>
		<result property="spon_kind" column="spon_kind"/>
		<result property="spon_price" column="spon_price"/>
		<result property="spon_start" column="spon_start"/>
		<result property="spon_finish" column="spon_finish"/>
		<result property="spon_state" column="spon_state"/>
		<result property="hairshop_idx" column="hairshop_idx"/>
		<association property="hairshopDto" javaType="hair.hairshop.model.HairShopDTO">
			<result property="hairshop_name" column="hairshop_name"/>
		</association>
	</resultMap>
	<select id="readySponList" parameterType="HashMap" resultMap="spon">
		select * from
		(select rownum as r,d.* from
		(select * from hairshop hs join spon sp on hs.hairshop_idx=sp.hairshop_idx where spon_state=0)d)
		where r<![CDATA[>=]]>#{startnum} and r<![CDATA[<=]]>#{endnum}
	</select>
	<select id="joinSponList" parameterType="HashMap" resultMap="spon">
		select * from
		(select rownum as r,d.* from
		(select * from hairshop hs join spon sp on hs.hairshop_idx=sp.hairshop_idx where spon_state=4)d)
		where r<![CDATA[>=]]>#{startnum} and r<![CDATA[<=]]>#{endnum}
	</select>
	<select id="startSponList" parameterType="HashMap" resultMap="spon">
		select * from
		(select rownum as r,d.* from
		(select * from hairshop hs join spon sp on hs.hairshop_idx=sp.hairshop_idx where spon_state=1)d)
		where r<![CDATA[>=]]>#{startnum} and r<![CDATA[<=]]>#{endnum}
	</select>
	<select id="finishSponList" parameterType="HashMap" resultMap="spon">
		select * from
		(select rownum as r,d.* from
		(select * from hairshop hs join spon sp on hs.hairshop_idx=sp.hairshop_idx where spon_state=2)d)
		where r<![CDATA[>=]]>#{startnum} and r<![CDATA[<=]]>#{endnum}
	</select>
	<select id="cancelSponList" parameterType="HashMap" resultMap="spon">
		select * from
		(select rownum as r,d.* from
		(select * from hairshop hs join spon sp on hs.hairshop_idx=sp.hairshop_idx where spon_state=3)d)
		where r<![CDATA[>=]]>#{startnum} and r<![CDATA[<=]]>#{endnum}
	</select>
	<select id="rejectSponList" parameterType="HashMap" resultMap="spon">
		select * from
		(select rownum as r,d.* from
		(select * from hairshop hs join spon sp on hs.hairshop_idx=sp.hairshop_idx where spon_state=5)d)
		where r<![CDATA[>=]]>#{startnum} and r<![CDATA[<=]]>#{endnum}
	</select>
	<select id="startSponTotalPrice" resultType="Integer">
		select nvl(sum(spon_price),0)from spon where spon_state=1

	</select>
	<select id="finishSponTotalPrice" resultType="Integer">
		select nvl(sum(spon_price),0)from spon where spon_state=2
	</select>
	<select id="sponInfo" parameterType="Integer" resultType="String">
		select spon_content from spon where spon_idx=#{spon_idx}
	</select>
	<update id="makeSponJoin">
		update spon set spon_state=4 where spon_idx=#{spon_idx}
	</update>
	<update id="makeBbsJoin">
		update hairshop_bbs set hairshop_bbs_level=1 where hairshop_idx=#{hairshop_idx}
	</update>
	<update id="rejectSponJoin">
		update spon set spon_state=5 where spon_idx=#{spon_idx}
	</update>
	<update id="makeSponStart">
		update spon set spon_state=1 where spon_idx=#{spon_idx}
	</update>
	<update id="makeSponCancel">
		update spon set spon_state=3 where spon_idx=#{spon_idx}
	</update>
	<update id="makeSponFinish">
		update spon set spon_state=2 where spon_idx=#{spon_idx}
	</update>
	
	<!-- message paging(totalCnt) -->
	<select id="receiveMsgFromShop_totalCnt" resultType="Integer">
		select count(*) from message msg join hairshop hs on msg.sender_idx=hs.hairshop_idx where receiver_idx=14 and message_state not in(2)
	</select>
	<select id="sendMsgToMember_totalCnt" resultType="Integer">
		select count(*) from message msg join member mb on msg.receiver_idx=mb.member_idx where sender_idx=14 and message_state not in(2)
	</select>
	<select id="sendMsgToShop_totalCnt" resultType="Integer">
		select count(*) from message msg join hairshop hs on msg.receiver_idx=hs.hairshop_idx where sender_idx=14 and message_state not in(2)
	</select>
	<select id="deleteMsg_totalCnt" resultType="Integer">
		select count(*) from message where message_state=2
	</select>
	
	<!-- message -->
	<resultMap type="hair.message.model.MessageDTO" id="msg">
		<result property="message_idx" column="message_idx"/>
		<result property="sender_idx" column="sender_idx"/>
		<result property="receiver_idx" column="receiver_idx"/>
		<result property="message_content" column="message_content"/>
		<result property="send_date" column="send_date"/>
		<result property="message_state" column="message_state"/>
		<association property="memberDto" javaType="hair.member.model.MemberDTO">
			<result property="member_id" column="member_id"/>
		</association>
		<association property="hairshopDto" javaType="hair.hairshop.model.HairShopDTO">
			<result property="hairshop_id" column="hairshop_id"/>
		</association>
	</resultMap>
	<select id="receiveMsgListFromShop" parameterType="HashMap" resultMap="msg">
		select * from
		(select rownum as r,d.* from
		(select * from message msg join hairshop hs on msg.sender_idx=hs.hairshop_idx 
		where receiver_idx=14 and message_state not in(2) order by send_date desc)d)
		where r<![CDATA[>=]]>#{startnum} and r<![CDATA[<=]]>#{endnum}
	</select>
	<select id="sendMsgListToMember" parameterType="HashMap" resultMap="msg">
		select * from
		(select rownum as r,d.* from
		(select * from message msg join member mb on msg.receiver_idx=mb.member_idx 
		where sender_idx=14 and message_state not in(2) order by send_date desc)d)
		where r<![CDATA[>=]]>#{startnum} and r<![CDATA[<=]]>#{endnum}
	</select>
	<select id="sendMsgListToShop" parameterType="HashMap" resultMap="msg">
		select * from
		(select rownum as r,d.* from
		(select * from message msg join hairshop hs on msg.receiver_idx=hs.hairshop_idx 
		where sender_idx=14 and message_state not in(2) order by send_date desc)d)
		where r<![CDATA[>=]]>#{startnum} and r<![CDATA[<=]]>#{endnum}
	</select>
	<select id="deleteMsgList" parameterType="HashMap" resultMap="msg">
		select * from
		(select rownum as r,d.* from
		(select msg.*, mb.member_id, hs.hairshop_id from message msg 
			left join member mb on msg.sender_idx=mb.member_idx 
			left join hairshop hs on msg.sender_idx=hs.hairshop_idx where message_state=2)d)
		where r<![CDATA[>=]]>#{startnum} and r<![CDATA[<=]]>#{endnum}
	</select>
	<select id="checkMsgContentFromMember" parameterType="Integer" resultMap="msg">
		select * from message msg join member mb on msg.sender_idx=mb.member_idx where message_idx=#{message_idx}
	</select>
	<select id="checkMsgContentFromShop" parameterType="Integer" resultMap="msg">
		select * from message msg join hairshop hs on msg.sender_idx=hs.hairshop_idx where message_idx=#{message_idx}
	</select>
	<insert id="sendReply" parameterType="HashMap">
		insert into message 
			values(message_idx.nextval,(select member_idx sender_idx from member where member_state = 0),
			(select sender_idx from message where message_idx=#{message_idx}),
			#{message_content},sysdate,0)
	</insert>
	<select id="checkMsgContentToMember" parameterType="Integer" resultMap="msg">
		select * from message msg join member mb on msg.receiver_idx=mb.member_idx where message_idx=#{message_idx}
	</select>
	<select id="checkMsgContentToShop" parameterType="Integer" resultMap="msg">
		select * from message msg join hairshop hs on msg.receiver_idx=hs.hairshop_idx where message_idx=#{message_idx}
	</select>
	<select id="checkMsgContentFromDelete" parameterType="Integer" resultMap="msg">
		select msg.*, mb.member_id, hs.hairshop_id 
			from message msg 
			left join member mb on msg.sender_idx=mb.member_idx 
			left join hairshop hs on msg.sender_idx=hs.hairshop_idx
			where message_idx=#{message_idx}
	</select>
	<update id="makeMsgRead">
		update message set message_state=1 where message_idx=#{message_idx}
	</update>
	<update id="makeMsgDelete">
		update message set message_state=2 where message_idx=#{message_idx}
	</update>
	<update id="makeMsgNormal">
		update message set message_state=0 where message_idx=#{message_idx}
	</update>
	<delete id="makeMsgPermanentlyDelete">
		delete from message where message_idx=#{message_idx}
	</delete>
	
	

	<!-- statistics -->
	<select id="memberTotal" resultType="Integer">
		select count(*) from member where member_state not in(0)
	</select>
	<select id="maleTotal" resultType="Integer">
		select count(*) from member where member_sex=1 and member_state not in(0)
	</select>
	<select id="femaleTotal" resultType="Integer">
		select count(*) from member where member_sex=2 and member_state not in(0)
	</select>
	<resultMap type="java.util.HashMap" id="age">
		<result column="AGE" property="age" javaType="java.lang.Integer"/>
		<result column="COUNT" property="count" javaType="java.lang.Integer"/>
	</resultMap>
	<select id="eachAge" resultMap="age">
			select age, count(*) as count
		from(select case 
		        when age<![CDATA[>]]>=10 and age<![CDATA[<]]>20 then 10
		        when age<![CDATA[>]]>=20 and age<![CDATA[<]]>30 then 20
		        when age<![CDATA[>]]>=30 and age<![CDATA[<]]>40 then 30
		        when age<![CDATA[>]]>=40 then 40 end as age 
          from (select to_char(sysdate,'yyyy')+1-(substr(member_birth,0,4)) as age
        from member  where member_state !=0))
		group by age
		order by age asc
	</select>
	<select id="reservationTotal" resultType="Integer">
		select count(*) from reservation
	</select>
	<select id="reservationPriceTotal" resultType="Integer">
		select nvl(sum(reservation_price),0) from reservation
	</select>
	<resultMap type="java.util.HashMap" id="reservation">
		<result column="RESERVATION_DATE" property="reservation_date" javaType="java.lang.String"/>
		<result column="PRICE" property="price" javaType="java.lang.Integer"/>
		<result column="COUNT" property="count" javaType="java.lang.Integer"/>
	</resultMap>
	<select id="eachReservation" resultMap="reservation">
		select reservation_date,sum(reservation_price) as price,count(*) count from 
		(select to_char(reservation_date,'yyyy-mm')as reservation_date , reservation_price from reservation
		where TRUNC(sysdate,'yyyy')<![CDATA[<=]]>reservation_date and reservation_date<![CDATA[<=]]>sysdate+10)
		group by reservation_date
		order by reservation_date asc
	</select>



</mapper>

  