<?xml version="1.0" encoding="UTF-8"?>
<!DOCTYPE mapper
  PUBLIC "-//mybatis.org//DTD Mapper 3.0//EN"
  "http://mybatis.org/dtd/mybatis-3-mapper.dtd">
<mapper namespace="designer">

<!-- schedule module에 사용하는 map--> 
<resultMap type="DesignerDTO" id="reser_desig_map">
<id property="designer_idx" column="designer_idx"/>
<result property="designer_photo" column="designer_photo"/>
<result property="designer_name" column="designer_name"/>
<result property="designer_off" column="designer_off"/>
<collection property="schedules"  ofType="Designer_ScheduleDTO">
<result property="schedule_state" column="schedule_state"/>
</collection>
<collection property="reservations" ofType="ReservationDTO">
<id property="reservation_idx" column="reservation_idx"/> 
<result property="reservation_date" column="reservation_date" jdbcType="DATE"/>
</collection>
</resultMap>

<!-- 디자이너 1명에 예약 스케줄 -->
<select id = "reser_desig_sche" parameterType="HashMap" resultMap="reser_desig_map">
with d as (select * from designer where designer_idx = #{designer_idx}),
    ds as (select * from designer_schedule where schedule_date =#{nowdate}),
    r as (select * from reservation where to_char(reservation_date,'yyyy-mm-dd') = #{nowdate})
    select * from d left join ds 
    on d.designer_idx = ds.designer_idx left join r on d.designer_idx = r.designer_idx
</select>

<!-- 특정 스타일을 할수 있는 디자이너 리스트 에 스케줄  --> 
<select id = "reser_order_desig_sche" parameterType="HashMap" resultMap="reser_desig_map">
  with d as (select * from designer where designer_idx in (select  designer_idx from hairlist where hair_idx = #{hair_idx}) and designer_idx !=#{designer_idx}),
 ds as (select * from designer_schedule where schedule_date = #{nowdate}),
    r as (select * from reservation where to_char(reservation_date,'YYYY-MM-DD')  =#{nowdate})
    select * from d left join ds on d.designer_idx = ds.designer_idx left join r on d.designer_idx = r.designer_idx

</select>

<!-- 헤어샵에 등록된 디자이너 리스트 -->

<select id = "hairshop_desig_list" parameterType="Integer" resultType="DesignerDTO">
select * from designer where hairshop_idx = #{idx}
</select>

<!--desig_schedule.do 페이지에서 디자이너 스케줄 리스트 가져오기 -->

<select id = "desig_schedule_lists" parameterType="HashMap" resultMap="reser_desig_map">
with d as (select * from designer where hairshop_idx = #{hairshop_idx}),
 ds as (select * from designer_schedule where schedule_date = #{nowdate}),
    r as (select * from reservation where to_char(reservation_date,'YYYY-MM-DD') like #{nowdate})
    select * from d left join ds on d.designer_idx = ds.designer_idx left join r on d.designer_idx = r.designer_idx
</select>

<!-- 디자이너 onoff map -->
<resultMap type="Designer_ScheduleDTO" id="desig_sche_onoff">
<result property="schedule_date" column="schedule_date"/>
<result property="schedule_state" column="schedule_state"/>
<result property="schedule_idx" column="schedule_idx"/>
<association property="designerDTO" javaType="DesignerDTO">
<result property = "designer_name" column="designer_name"/>
</association>
</resultMap>

<!--디자이너 onoff 리스트-->
<select id = "hairshop_onoff_list" parameterType="HashMap" resultMap="desig_sche_onoff">
select d.designer_name ,ds.* from designer_schedule ds join designer d on d.designer_idx = ds.designer_idx 
where ds.schedule_date in #{nowdate} and  d.hairshop_idx = #{hairshop_idx}
</select>

<!-- 디자이너 onoff 삭제 -->
<delete id = "desig_onoff_delete" parameterType="Integer">
delete from designer_schedule where schedule_idx = #{idx}
</delete>

<!-- 디자이너 onoff 등록 -->
<insert id="designer_on_off_reg" parameterType="Designer_ScheduleDTO">
insert into designer_schedule values(schedule_idx.nextval,#{schedule_date},#{designer_idx},#{schedule_state})
</insert>

</mapper>