<?xml version="1.0" encoding="UTF-8"?>
<!DOCTYPE mapper
  PUBLIC "-//mybatis.org//DTD Mapper 3.0//EN"
  "http://mybatis.org/dtd/mybatis-3-mapper.dtd">
<mapper namespace="hair.hairshop">

<select id="pwdCheck" parameterType="String" resultType="String">
      select pwd from hairshop where hairshop_id=#{hairshop_id}
   </select>

   <select id="aboutUpdateForm" parameterType="String" resultType="hair.hairshop.model.HairShopDTO">
      select * from hairshop where hairshop_idx=(select hairshop_idx from hairshop where hairshop_id=#{hairshop_id})
   </select>

   <select id="hairshop_receiveMessageTotalCnt" parameterType="Integer" resultType="Integer">
      select count(*) from message ms join member m on ms.sender_idx=m.member_idx 
      where ms.receiver_idx in (#{hairshop_idx}) and message_state not in(2)
   </select>
   <select id="hairshop_sendMessageTotalCnt" parameterType="Integer" resultType="Integer">
      select count(*) from message ms join member m on ms.receiver_idx=m.member_idx 
      where ms.sender_idx in (#{hairshop_idx}) and message_state not in(2)
   </select>
   
   <select id="aboutUpdateResult" parameterType="hair.hairshop.model.HairShopDTO">
      update hairshop set hairshop_ceo=#{hairshop_ceo},
                     hairshop_addr=#{hairshop_addr},
                     hairshop_tel=#{hairshop_tel},
                     hairshop_open=#{hairshop_open},
                     hairshop_off=#{hairshop_off},
                     hairshop_info=#{hairshop_info},
                     hairshop_addinfo=#{hairshop_addinfo}
                     where hairshop_idx=(select hairshop_idx from hairshop where hairshop_id=#{hairshop_id})
   </select>



<!--************************************************************************** -->
   <insert id="hairshopBbsWrite" parameterType="hair.hairshop.model.HairShop_BbsDTO">
      insert into hairshop_bbs values
      (
      hairshop_bbs_idx.nextval,
      #{hairshop_bbs_subject},
      #{hairshop_bbs_content},
      #{hairshop_bbs_hashtag},
      sysdate,
      #{hairshop_bbs_state},
      0,
      #{hairshop_idx},
      #{hair_idx},
      #{designer_idx},
      #{hairshop_bbs_thumb}
      )
   </insert>
   
   
   <select id="hairshop_Bbs" parameterType="integer" resultType="hair.hairshop.model.HairShop_BbsDTO">
      select * from hairshop_bbs where hairshop_bbs_idx = #{hairshop_bbs_idx}
   </select>
   

   
   <select id="hairshopInfo" parameterType="integer" resultType="hair.hairshop.model.HairShopDTO">
      select * from hairshop where hairshop_idx = #{hairshop_idx}
   </select>
   
   <select id="HairshopRelatedBbsForm" parameterType="integer" resultType="hair.hairshop.model.HairShop_BbsDTO">
      select * from hairshop_bbs where hairshop_idx=#{hairshop_idx}
   </select>
   
   <select id="HairshopRelatedBbsList" parameterType="integer" resultType="hair.hairshop.model.HairShop_BbsDTO">
      select * from hairshop_bbs where hairshop_bbs_idx in(select related_bbs_idx from HAIRSHOP_RELATED_BBS where hairshop_bbs_idx=#{hairshop_bbs_idx})
   </select>   
   
   <insert id="hairshopRelatedBbsWrite" parameterType="hashmap">
      insert into HAIRSHOP_RELATED_BBS values
      (
      #{hairshop_bbs_Idx},
      #{related_bbs_idx}
      )
   </insert>
   
   <select id="RelatedRowNum" parameterType="integer" resultType="integer">
      select hairshop_bbs_idx from (select * from hairshop_bbs order by hairshop_bbs_writedate desc) where hairshop_idx = #{hairshop_idx} and <![CDATA[rownum <2]]>
   </select>
   
   <select id="HairShop_Bbs_SumGood" parameterType="integer" resultType="integer">
      select count(*) from HAIRSHOP_BBS_GOOD where hairshop_bbs_idx=#{hairshop_bbs_idx}
   </select>
   
   <select id="HairShop_Bbs_GoodCk" parameterType="hashmap" resultType="integer">
      select count(*) from hairshop_bbs_good where hairshop_bbs_idx=#{hairshop_bbs_idx} and member_idx=#{member_idx}
   </select>
   
   <insert id="HairShop_Bbs_GoodOn" parameterType="hashmap">
      insert into HAIRSHOP_BBS_GOOD values(#{hairshop_bbs_idx},#{member_idx})
   </insert>
   
   <delete id="HairShop_Bbs_GoodOff" parameterType="hashmap">
      delete hairshop_bbs_good where hairshop_bbs_idx=#{hairshop_bbs_idx} and member_idx=#{member_idx}
   </delete>
   
   
   <update id="HairShop_Bbs_Del" parameterType="integer">
      update hairshop_bbs set hairshop_bbs_state=2 where hairshop_bbs_idx=#{hairshop_bbs_idx}
   </update>
   
   <delete id="hairshopRelatedBbsDel" parameterType="integer">
      delete HAIRSHOP_RELATED_BBS where hairshop_bbs_idx=#{hairshop_bbs_idx}
   </delete>
   
   <update id="hairshop_bbs_update" parameterType="hair.hairshop.model.HairShop_BbsDTO">
      update hairshop_bbs set 
      hairshop_bbs_subject=#{hairshop_bbs_subject},
      hairshop_bbs_content=#{hairshop_bbs_content},
       hairshop_bbs_hashtag=#{hairshop_bbs_hashtag},
       hairshop_bbs_state=#{hairshop_bbs_state},
       hair_idx=#{hair_idx},
       hairshop_bbs_thumb=#{hairshop_bbs_thumb}
       where hairshop_bbs_idx=#{hairshop_bbs_idx}
   </update>
   
   
   
   
   
   <select id="hairshop_bbs_list" parameterType="hashmap" resultType="hair.hairshop.model.HairShop_BbsDTO">
      select * from 
      (select rownum as rnum,a.* from 
      (select hb.*, hs.hairshop_name from hairshop hs, hairshop_bbs hb left join hair h 
      on hb.hair_idx=h.hair_idx
      where 
      hs.hairshop_idx=hb.hairshop_idx and
      hb.hairshop_bbs_state=1 and
      h.hair_style like '%'||#{hair_style}||'%' and
      
      hb.${search_option} like '%${search_value}%' and
      (
      hs.hairshop_addinfo like '%${night}%' and
      hs.hairshop_addinfo like '%${park}%' and
      hs.hairshop_addinfo like '%${ani}%' and
      hs.hairshop_addinfo like '%${day}%' and
      hs.hairshop_addinfo like '%${barber}%' and
      hs.hairshop_addinfo like '%${sub}%'
      ) and
      
      h.hair_price<![CDATA[<=]]>#{hair_price}
      order by hb.hairshop_bbs_level desc, ${listsort})a)b
      where rnum<![CDATA[>=#{startnum} and rnum<=]]>#{endnum}
   </select>
   
   <select id="hairshop_bbs_list_dual" parameterType="hashmap" resultType="hair.hairshop.model.HairShop_BbsDTO">
      select * from 
      (select rownum as rnum,a.* from 
      (select hb.*, hs.hairshop_name from hairshop hs, hairshop_bbs hb left join hair h 
      on hb.hair_idx=h.hair_idx
      where 
      hs.hairshop_idx=hb.hairshop_idx and
      hb.hairshop_bbs_state=1 and
      h.hair_style like '%'||#{hair_style}||'%' and
      (
      hb.HAIRSHOP_BBS_SUBJECT like '%${search_value}%' or
      hb.HAIRSHOP_BBS_CONTENT like '%${search_value}%') and
      (
      hs.hairshop_addinfo like '%${night}%' and
      hs.hairshop_addinfo like '%${park}%' and
      hs.hairshop_addinfo like '%${ani}%' and
      hs.hairshop_addinfo like '%${day}%' and
      hs.hairshop_addinfo like '%${barber}%' and
      hs.hairshop_addinfo like '%${sub}%') and
      
      h.hair_price<![CDATA[<=]]>#{hair_price}
      order by hb.hairshop_bbs_level desc, ${listsort})a)b
      where rnum<![CDATA[>=#{startnum} and rnum<=]]>#{endnum}
   </select>
   
   <select id="hairshop_bbs_list_good" parameterType="hashmap" resultType="hair.hairshop.model.HairShop_BbsDTO">
      SELECT *
      FROM (
      SELECT rownum AS rnum, hb_b.*
      FROM (
      SELECT hb.*, hs.hairshop_name, nvl(c.s,0) as nvl
      FROM hair, 
      hairshop hs, hairshop_bbs hb
      LEFT OUTER
      JOIN (
      SELECT hairshop_bbs_idx, COUNT(*) s
      FROM hairshop_bbs_good
      GROUP BY hairshop_bbs_good.hairshop_bbs_idx)c ON hb.hairshop_bbs_idx = c.hairshop_bbs_idx
      WHERE 
      hb.hairshop_bbs_state=1 AND hair.hair_idx=hb.hair_idx AND 
      hs.hairshop_idx=hb.hairshop_idx and
      hair.hair_style LIKE '%'||#{hair_style}||'%' AND
      
      hb.${search_option} like '%${search_value}%' and
      (
      hs.hairshop_addinfo like '%${night}%' and
      hs.hairshop_addinfo like '%${park}%' and
      hs.hairshop_addinfo like '%${ani}%' and
      hs.hairshop_addinfo like '%${day}%' and
      hs.hairshop_addinfo like '%${barber}%' and
      hs.hairshop_addinfo like '%${sub}%') and
      hair.hair_price<![CDATA[<=]]>#{hair_price}
      ORDER BY hb.hairshop_bbs_level DESC, nvl DESC)hb_b)a
      where rnum<![CDATA[>=#{startnum} and rnum<=]]>#{endnum}
   </select>

   <select id="hairshop_bbs_list_good_dual" parameterType="hashmap" resultType="hair.hairshop.model.HairShop_BbsDTO">
      SELECT *
      FROM (
      SELECT rownum AS rnum, hb_b.*
      FROM (
      SELECT hb.*, hs.hairshop_name, nvl(c.s,0) as nvl
      FROM hair, 
      hairshop hs, hairshop_bbs hb
      LEFT OUTER
      JOIN (
      SELECT hairshop_bbs_idx, COUNT(*) s
      FROM hairshop_bbs_good
      GROUP BY hairshop_bbs_good.hairshop_bbs_idx)c ON hb.hairshop_bbs_idx = c.hairshop_bbs_idx
      WHERE 
      hb.hairshop_bbs_state=1 AND hair.hair_idx=hb.hair_idx AND 
      hs.hairshop_idx=hb.hairshop_idx and
      hair.hair_style LIKE '%'||#{hair_style}||'%' AND
      (
      hb.HAIRSHOP_BBS_SUBJECT like '%${search_value}%' or
      hb.HAIRSHOP_BBS_CONTENT like '%${search_value}%') and
      (
      hs.hairshop_addinfo like '%${night}%' and
      hs.hairshop_addinfo like '%${park}%' and
      hs.hairshop_addinfo like '%${ani}%' and
      hs.hairshop_addinfo like '%${day}%' and
      hs.hairshop_addinfo like '%${barber}%' and
      hs.hairshop_addinfo like '%${sub}%') and
      hair.hair_price<![CDATA[<=]]>#{hair_price}
      ORDER BY hb.hairshop_bbs_level DESC, nvl DESC)hb_b)a
      where rnum<![CDATA[>=#{startnum} and rnum<=]]>#{endnum}
   </select>
   
   <select id="hairshop_bbs_list_reservation" parameterType="hashmap" resultType="hair.hairshop.model.HairShop_BbsDTO">
      SELECT *
      FROM (
      SELECT rownum AS rnum, hb_b.*
      FROM (
      SELECT hb.*, hs.hairshop_name, nvl(c.s,0) as nvl
      FROM hairshop hs, hair, 
      hairshop_bbs hb
      LEFT OUTER
      JOIN (
      SELECT hair_idx, COUNT(*) s
      FROM reservation
      GROUP BY reservation.hair_idx)c ON hb.hair_idx = c.hair_idx
      WHERE 
      hb.hairshop_bbs_state=1 AND hair.hair_idx=hb.hair_idx AND 
      hs.hairshop_idx=hb.hairshop_idx and
      hair.hair_style LIKE '%'||#{hair_style}||'%' AND

      hb.${search_option} like '%${search_value}%' and
      (
      hs.hairshop_addinfo like '%${night}%' and
      hs.hairshop_addinfo like '%${park}%' and
      hs.hairshop_addinfo like '%${ani}%' and
      hs.hairshop_addinfo like '%${day}%' and
      hs.hairshop_addinfo like '%${barber}%' and
      hs.hairshop_addinfo like '%${sub}%') and
      hair.hair_price<![CDATA[<=]]>#{hair_price}
      ORDER BY hb.hairshop_bbs_level DESC, nvl DESC)hb_b)a
      where rnum<![CDATA[>=#{startnum} and rnum<=]]>#{endnum}
   </select>
   
   <select id="hairshop_bbs_list_reservation_dual" parameterType="hashmap" resultType="hair.hairshop.model.HairShop_BbsDTO">
      SELECT *
      FROM (
      SELECT rownum AS rnum, hb_b.*
      FROM (
      SELECT hb.*, hs.hairshop_name, nvl(c.s,0) as nvl
      FROM hairshop hs, hair, 
      hairshop_bbs hb
      LEFT OUTER
      JOIN (
      SELECT hair_idx, COUNT(*) s
      FROM reservation
      GROUP BY reservation.hair_idx)c ON hb.hair_idx = c.hair_idx
      WHERE 
      hb.hairshop_bbs_state=1 AND hair.hair_idx=hb.hair_idx AND 
      hs.hairshop_idx=hb.hairshop_idx and
      hair.hair_style LIKE '%'||#{hair_style}||'%' AND
      (
      hb.HAIRSHOP_BBS_SUBJECT like '%${search_value}%' or
      hb.HAIRSHOP_BBS_CONTENT like '%${search_value}%') and
      (
      hs.hairshop_addinfo like '%${night}%' and
      hs.hairshop_addinfo like '%${park}%' and
      hs.hairshop_addinfo like '%${ani}%' and
      hs.hairshop_addinfo like '%${day}%' and
      hs.hairshop_addinfo like '%${barber}%' and
      hs.hairshop_addinfo like '%${sub}%') and
      hair.hair_price<![CDATA[<=]]>#{hair_price}
      ORDER BY hb.hairshop_bbs_level DESC, nvl DESC)hb_b)a
      where rnum<![CDATA[>=#{startnum} and rnum<=]]>#{endnum}
   </select>
   
   
   
   
      <select id="member_hairshop_bbs_list" parameterType="hashmap" resultType="hair.hairshop.model.HairShop_BbsDTO">
      select * from 
      (select rownum as rnum,a.* from 
      (select hb.*
      from hairshop_bbs hb
      where 
      hb.hairshop_bbs_state=1 and hb.hairshop_idx=#{hairshop_idx}
      order by hb.HAIRSHOP_BBS_WRITEDATE desc)a)b
      where rnum<![CDATA[>=#{startnum} and rnum<=]]>#{endnum}
   </select>
   
   <select id="member_hairshop_bbs_totalcnt" parameterType="integer" resultType="integer">
      select count(*) from hairshop_bbs where hairshop_idx=#{hairshop_idx} and hairshop_bbs_state=1
   </select>
   
   <select id="member_member_review_list" parameterType="hashmap" resultType="hair.member.model.Member_ReviewDTO">
      select * from 
      (select rownum as rnum,a.* from 
      (select mr.*
      from member_review mr
      where 
      mr.member_review_state=1 and mr.hairshop_idx=#{hairshop_idx}
      order by mr.member_review_writedate desc)a)b
      where rnum<![CDATA[>=#{startnum} and rnum<=]]>#{endnum}
   </select>
   
   <select id="member_member_review_totalcnt" parameterType="hashmap" resultType="integer">
      select count(*) from member_review where hairshop_idx=#{hairshop_idx} and member_review_state=1
   </select>
   
   
   
   
   
   
   <select id="hairshop_bbs_totalcnt" parameterType="hashmap" resultType="integer">
      select count(*) from 
      hairshop hs,
      hairshop_bbs hb left join hair h 
      on hb.hair_idx=h.hair_idx
      where 
      hb.hairshop_bbs_state=1 and
      hs.hairshop_idx=hb.hairshop_idx and
      h.hair_style like '%'||#{hair_style}||'%' and
      
      hb.${search_option} like '%${search_value}%' and
      (
      hs.hairshop_addinfo like '%${night}%' and
      hs.hairshop_addinfo like '%${park}%' and
      hs.hairshop_addinfo like '%${ani}%' and
      hs.hairshop_addinfo like '%${day}%' and
      hs.hairshop_addinfo like '%${barber}%' and
      hs.hairshop_addinfo like '%${sub}%') and
      h.hair_price<![CDATA[<=]]>#{hair_price}
   </select>
   
   
   
   
   
   
   <select id="hairshop_bbs_totalcnt_dual" parameterType="hashmap" resultType="integer">
      select count(*) from 
      hairshop hs,
      hairshop_bbs hb left join hair h 
      on hb.hair_idx=h.hair_idx
      where 
      hb.hairshop_bbs_state=1 and
      hs.hairshop_idx=hb.hairshop_idx and
      h.hair_style like '%'||#{hair_style}||'%' and
      (
      hb.HAIRSHOP_BBS_SUBJECT like '%${search_value}%' or
      hb.HAIRSHOP_BBS_CONTENT like '%${search_value}%'
      ) and
      (
      hs.hairshop_addinfo like '%${night}%' and
      hs.hairshop_addinfo like '%${park}%' and
      hs.hairshop_addinfo like '%${ani}%' and
      hs.hairshop_addinfo like '%${day}%' and
      hs.hairshop_addinfo like '%${barber}%' and
      hs.hairshop_addinfo like '%${sub}%') and
      h.hair_price<![CDATA[<=]]>#{hair_price}
   </select>
   <select id="hairshop_totalcnt" parameterType="hashmap" resultType="integer">
      select count(*) from hairshop where hairshop_state=1 and ${search_option} LIKE '%${search_value}%'
   </select>
   
   <select id="hairshop_list" parameterType="hashmap" resultType="hair.hairshop.model.HairShopDTO">
      select * from 
      (select rownum as rnum,a.* from 
      (select hs.*, NVL(p.PHOTO_NAME,'images/demo/no_img.jpg') AS PHOTO_NAME 
      from hairshop hs
      LEFT OUTER JOIN(select hairshop_idx ,min(photo_name) as PHOTO_NAME from hairshop_photo hp group by hairshop_idx )p ON hs.HAIRSHOP_IDX=p.hairshop_idx
      where 
      hs.hairshop_state=1 and ${search_option} LIKE '%${search_value}%'
      order by hs.hairshop_spon_level desc, hs.hairshop_joindate)a)b
      where rnum<![CDATA[>=#{startnum} and rnum<=]]>#{endnum}
   </select>
   
   <select id="hairshop_list_order" parameterType="hashmap" resultType="hair.hairshop.model.HairShopDTO">
      SELECT *
      FROM (
      SELECT rownum AS rnum, hb_b.*
      FROM (
      SELECT hs.*, nvl(c.s,0) as nvl, NVL(p.PHOTO_NAME,'images/demo/no_img.jpg') AS PHOTO_NAME
      FROM  
      hairshop hs
      LEFT OUTER
      JOIN (
      SELECT hairshop_idx, ${fn} s
      FROM ${order} o
      GROUP BY o.hairshop_idx)c ON hs.hairshop_idx = c.hairshop_idx
      LEFT OUTER JOIN(select hairshop_idx ,min(photo_name) as PHOTO_NAME from hairshop_photo hp group by hairshop_idx )p ON hs.HAIRSHOP_IDX=p.hairshop_idx
      WHERE 
      hs.hairshop_state=1 and ${search_option} LIKE '%${search_value}%' 
      ORDER BY hs.hairshop_spon_level DESC, nvl desc)hb_b)a
      where rnum<![CDATA[>=#{startnum} and rnum<=]]>#{endnum}
   </select>
   
   
   <select id="hairshop_map_search" parameterType="hashmap" resultType="hair.hairshop.model.HairShopDTO">
      select hs.*, NVL(p.PHOTO_NAME,'images/demo/no_img.jpg') AS PHOTO_NAME 
      from hairshop hs
      LEFT OUTER JOIN(select hairshop_idx ,min(photo_name) as PHOTO_NAME from hairshop_photo hp group by hairshop_idx )p ON hs.HAIRSHOP_IDX=p.hairshop_idx
      where hairshop_state=1 and hairshop_addr like '%${hairshop_addr}%'
   </select>
   
   <insert id="hairshop_photo_add" parameterType="hashmap">
      insert into hairshop_photo values(#{hairshop_idx},<![CDATA[#{photo_name}]]>)
   </insert>
   
   <delete id="hairshop_photo_del" parameterType="integer">
      DELETE FrOm hairshop_photo where hairshop_idx=#{hairshop_idx}
   </delete>
   
   <select id="hairshop_photo" parameterType="integer" resultType="hair.hairshop.model.HairShop_PhotoDTO">
      select * from hairshop_photo where hairshop_idx=#{hairshop_idx}
   </select>
   
<!--    login -->

   <insert parameterType="hair.hairshop.model.HairShopDTO" id="hairshop_join"> insert into hairshop values(member_idx.nextval,#{hairshop_id},#{hairshop_pwd},#{hairshop_name},#{hairshop_ceo},#{hairshop_email},#{hairshop_info},#{hairshop_number},#{hairshop_addr},#{hairshop_tel},#{hairshop_location},0,0,#{hairshop_addinfo},#{hairshop_open},#{hairshop_off},0,sysdate) </insert>
   
   <select parameterType="String" id="hairshop_join_idCheck" resultType="String"> select * from hairshop where hairshop_id=#{hairshop_id} </select>
   
   <select parameterType="HashMap" id="hairshop_login" resultType="hair.hairshop.model.HairShopDTO"> select * from hairshop where hairshop_id = #{hairshop_id} and hairshop_pwd = #{hairshop_pwd} </select>
   
   <select parameterType="HashMap" id="hairshop_search_id" resultType="hair.hairshop.model.HairShopDTO"> select * from hairshop where hairshop_ceo = #{hairshop_ceo} and hairshop_email = #{hairshop_email} and hairshop_name = #{hairshop_name} </select>
   
   <select parameterType="HashMap" id="hairshop_search_pwd" resultType="hair.hairshop.model.HairShopDTO"> select * from hairshop where hairshop_id = #{hairshop_id} and hairshop_ceo = #{hairshop_ceo} and hairshop_email = #{hairshop_email} </select>
   
   <update parameterType="HashMap" id="hairshop_pwd_update"> update hairshop set hairshop_pwd = #{hairshop_pwd} where hairshop_idx = #{hairshop_idx} </update>
      
      
      
      
   <!--****************************************************** -->   
      <select id="pwd_Check" resultType="String">
        select hairshop_pwd from hairshop where hairshop_id=#{hairshop_id}
     </select>
     
     <select id="hairshop_Info" resultType="hair.hairshop.model.HairShopDTO">
        select * from hairshop where hairshop_id = #{hairshop_id}
     </select>
     
     <update id="hairshop_updateInfo" parameterType="hair.hairshop.model.HairShopDTO">
        update hairshop set hairshop_pwd=#{hairshop_pwd}, hairshop_info=#{hairshop_info},
           hairshop_addinfo=#{hairshop_addinfo}, hairshop_open=#{hairshop_open},hairshop_off=#{hairshop_off} 
           where hairshop_id=#{hairshop_id}
     </update>
     
     <insert id="addDesigner" parameterType="DesignerDTO">
        insert into designer values(designer_idx.nextval,#{designer_name},#{designer_photo},
        #{designer_career},#{designer_info},#{designer_off},#{hairshop_idx})
     </insert>
     <update id="updateDesigner" parameterType="DesignerDTO">
        update designer set designer_name=#{designer_name},designer_photo=#{designer_photo},designer_career=#{designer_career},
           designer_info=#{designer_info},designer_off=#{designer_off} where designer_idx=#{designer_idx}
     </update>
     <delete id="deleteDesigner" parameterType="Integer">
        delete from designer where designer_idx=#{designer_idx}
     </delete>
     
     <select id="designerList" resultType="DesignerDTO">
        select * from designer where hairshop_idx=#{hairshop_idx}
     </select>
     <select id="designerInfo" resultType="DesignerDTO">
        select * from designer where designer_idx=#{designer_idx}
     </select>
     <select id="hairshop_hairList" resultType="hair.hair.model.HairDTO">
        select * from hair where hairshop_idx=#{hairshop_idx}
     </select>   
     
     <insert id="hairshop_designerAddStyle" parameterType="hair.hair.model.HairListDTO">
        insert into hairlist values(#{hair_idx},#{designer_idx})
     </insert>
     
      <select id="hairshopMember" parameterType="HashMap" resultType="hair.member.model.MemberDTO">
        select * from
      (select rownum as r,d.* from 
      (select * from member where member_idx in
         (select member_idx from reservation where hairshop_idx=#{hairshop_idx}))d)
      where r<![CDATA[>=]]>#{startnum} and r<![CDATA[<=]]>#{endnum}
     </select>

   
   <select id="hairshopInfo_id" resultType="Integer">
        select hairshop_idx from hairshop where hairshop_id=#{hairshop_id}
   </select>
   
   <insert id="msgToMember" parameterType="HashMap">
      insert into message values
         (message_idx.nextval,
      (select hairshop_idx sender_idx from hairshop where hairshop_idx = #{hairshop_idx}),
      (select member_idx receiver_idx from member where member_idx = #{member_idx}),#{message_content},sysdate,0)
   </insert>
   
   <select id="reservationAllMember" resultType="ReservationDTO">
      select distinct member_idx from reservation where hairshop_idx = #{hairshop_idx}
   </select>
   
   <insert id="addCoupon" parameterType="HashMap">
      insert into hairshop_coupon values (hairshop_coupon_idx.nextval,#{hairshop_coupon_discount},#{hairshop_idx})
   </insert>
   
   <select id="hairshop_couponList" resultType="hair.hairshop.model.HairShop_CouponDTO">
      select * from hairshop_coupon where hairshop_idx = #{hairshop_idx}
   </select>
   
   <delete id="del_hairshopCoupon" parameterType="Integer">
      delete from hairshop_coupon where hairshop_coupon_idx = #{hairshop_coupon_idx}
   </delete>
   
   <insert id="sendCouponToMember" parameterType="HashMap">
      insert into member_coupon values 
       (member_coupon_idx.nextval,#{member_coupon_deadline},#{member_idx},#{hairshop_coupon_idx},0)
   </insert>
   <resultMap type="hair.message.model.MessageDTO" id="memberinfo">
     <result property="message_idx" column="message_idx"/>
     <result property="message_content" column="message_content"/>
     <result property="receiver_idx" column="receiver_idx"/>
     <result property="sender_idx" column="sender_idx"/>
     <result property="message_state" column="message_state"/>
     <result property="send_date" column="send_date"/>
     <association property="memberDto" javaType="hair.member.model.MemberDTO">
     <result property="member_id" column="member_id"/>
     </association>  
    </resultMap>

    <select id="message_receiver_id" parameterType="HashMap" resultMap="memberinfo">
      select * from
      (select rownum as r,d.* from 
      (select * from message ms join member m on ms.sender_idx=m.member_idx 
      where ms.receiver_idx in (#{hairshop_idx}) and message_state not in(2))d)
      where r<![CDATA[>=]]>#{startnum} and r<![CDATA[<=]]>#{endnum}
   </select>
   
   
   
   <select id="message_content" resultMap="memberinfo">
      select * from message ms join member m on ms.receiver_idx=m.member_idx where ms.message_idx in (#{message_idx})
   </select>
   
       <select id="hairshopMember_TotalCnt" parameterType="Integer" resultType="Integer">
        select count(*) from member where member_idx in
         (select member_idx from reservation where hairshop_idx=#{hairshop_idx})
     </select>
   
   <select id="message_sender_id" parameterType="HashMap" resultMap="memberinfo">
       select * from
      (select rownum as r,d.* from 
      (select * from message ms join member m on ms.receiver_idx=m.member_idx 
      where ms.sender_idx in (#{hairshop_idx}) and message_state not in(2))d)
      where r<![CDATA[>=]]>#{startnum} and r<![CDATA[<=]]>#{endnum}
   </select>
   
   
   
   <select id="admin_idx" resultType="hair.member.model.MemberDTO">
      select member_idx from member where member_state=0
   </select>
   <select id="message_allContent" resultType="hair.message.model.MessageDTO">
      select * from message where message_idx=#{message_idx}
   </select>
   <update id="delete_message" parameterType="Integer">
      update message set message_state=2 where message_idx=#{message_idx}
   </update>
   <update id="stateChange_message" parameterType="Integer">
      update message set message_state=1 where message_idx=#{message_idx}
   </update>
   <insert id="sponApplication" parameterType="hair.spon.model.SponDTO">
      insert into spon values
      (spon_idx.nextval,#{spon_kind},#{spon_content},100000,#{spon_start},#{spon_finish},0,#{hairshop_idx})
   </insert>
   <resultMap type="hair.reservation.model.ReservationDTO" id="staticsInfo">
      <result property="sum" column="sum"/>
      <result property="reservation_date" column="reservation_date"/>
      <result property="reservation_price" column="reservation_price"/>
      <result property="hair_idx" column="hair_idx"/>
      <result property="reservation_state" column="reservation_state"/>
      <result property="member_idx" column="member_idx"/>
      <result property="hairshop_idx" column="hairshop_idx"/>
      <association property="member" javaType="MemberDTO">
      <result property="member_sex" column="member_sex"/>
      <result property="member_idx" column="member_idx"/>
      <result property="member_name" column="member_name"/>
      <result property="member_birth" column="member_birth"/>
      </association>
      <association property="hair" javaType="HairDTO">
      <result property="hair_style" column="hair_style"/>
      </association>
   </resultMap>
   <select id="dayTotalSales" resultType="ReservationDTO">
      select reservation_date,sum(reservation_price) as reservation_price from (select to_date((to_char(reservation_date,'yyyy-mm-dd')),'yyyy-mm-dd')as  reservation_date, reservation_price  
         from (select * from reservation where to_date((to_char(sysdate-7,'yyyy-mm-dd')),'yyyy-mm-dd')<![CDATA[<]]>reservation_date
          and reservation_date<![CDATA[<]]>to_date((to_char(sysdate+7,'yyyy-mm-dd')),'yyyy-mm-dd') and hairshop_idx = #{hairshop_idx} and reservation_state=0))
          group by reservation_date
          order by reservation_date asc
   </select>
   
   <resultMap type="Hashmap" id="staticsSexInfo">
   <result property="member_sex" column="member_sex" javaType="Integer"/>
   <result property="count" column="count" javaType="Integer"/>
   </resultMap>

   <select id="searchForsex" resultMap="staticsSexInfo">
      select member_sex ,count(member_sex) as count
         from (select to_char(reservation_date,'yyyy-mm-dd')as reservation_date ,member_idx from reservation
         where to_date(#{startDate},'yyyy-mm-dd')<![CDATA[<]]>=reservation_date and reservation_date<![CDATA[<]]>=to_date(#{finishDate},'yyyy-mm-dd') and hairshop_idx= #{hairshop_idx})r ,
         member m where m.member_idx = r.member_idx
         group by m.member_sex
   </select>
   
   <select id="searchForsales" resultMap="staticsInfo">
      select reservation_date ,sum(reservation_price) as reservation_price
         from (select to_char(reservation_date,'yyyy-mm-dd')as reservation_date ,reservation_price from reservation
         where to_date(#{startDate},'yyyy-mm-dd')<![CDATA[<]]>=reservation_date and reservation_date<![CDATA[<]]>=to_date(#{finishDate},'yyyy-mm-dd') and hairshop_idx= #{hairshop_idx})r 
         group by r.reservation_date 
         order by r.reservation_date asc
   </select>
      <resultMap type="Hashmap" id="staticsStyleInfo">
         <result property="hair_style" column="hair_style" javaType="String"/>
         <result property="count" column="count" javaType="Integer"/>
      </resultMap>
   <select id="searchForstyle" resultMap="staticsStyleInfo">
      select h.hair_style,count(h.hair_style) as count
         from (select to_char(reservation_date,'yyyy-mm-dd')as reservation_date ,hair_idx from reservation
         where to_date(#{startDate},'yyyy-mm-dd')<![CDATA[<]]>=reservation_date and reservation_date<![CDATA[<]]>=to_date(#{finishDate},'yyyy-mm-dd') and hairshop_idx= #{hairshop_idx})r ,hair h
         where h.hair_idx = r.hair_idx
         group by h.hair_style
         order by h.hair_style asc
   </select>
      
   <resultMap type="Hashmap" id="staticsAgeInfo">
      <result property="age" column="age" javaType="Integer"/>
      <result property="count" column="count" javaType="Integer"/>
   </resultMap>
   <select id="searchForage" resultMap="staticsAgeInfo">
   select age,count(age) as count
      from (select to_char(reservation_date,'yyyy-mm-dd')as reservation_date ,member_idx from reservation
      where to_date(#{startDate},'yyyy-mm-dd')<![CDATA[<=]]>reservation_date and reservation_date<![CDATA[<=]]>to_date(#{finishDate},'yyyy-mm-dd') and hairshop_idx= #{hairshop_idx})r ,
      (select member_idx ,case 
      when age<![CDATA[>]]>10 and age<![CDATA[<]]>20 then 10
      when age<![CDATA[>]]>20 and age<![CDATA[<]]>30 then 20
      when age<![CDATA[>]]>30 and age<![CDATA[<]]>40 then 30
      when age<![CDATA[>]]>40 then 40
       end as age from 
      (select member_idx,member_name ,(to_char(sysdate,'yyyy')+1-(substr(member_birth,0,2)+1900)) as age 
      from member )) m
      where m.member_idx = r.member_idx
      group by m.age
      order by m.age asc
   </select>
   
   <resultMap type="hair.member.model.Member_ReviewDTO" id="review_member">
       <result property="member_review_idx" column="member_review_idx"/>
      <result property="member_review_subject" column="member_review_subject"/>
      <result property="member_review_content" column="member_review_content"/>
      <result property="member_review_writedate" column="member_review_writedate"/>
      <result property="member_review_state" column="member_review_state"/>
      <result property="member_review_hashtag" column="member_review_hashtag"/>
      <result property="member_idx" column="member_idx"/>
      <result property="hairshop_idx" column="hairshop_idx"/>
      <result property="member_review_thumb" column="member_review_thumb"/>
      <association property="memberDTO" javaType="MemberDTO">
      <result property="member_idx" column="member_idx"/>
      <result property="member_name" column="member_name"/>
      <result property="member_id" column="member_id"/>
      </association>
   </resultMap>
   
   <select id="hairshop_review" parameterType="Integer" resultMap="review_member">
       select * from member_review mr join member m on mr.member_idx=m.member_idx 
          where mr.hairshop_idx in (#{hairshop_idx}) and member_review_state not in(2)
   </select>
      
         
</mapper>

  