<?xml version="1.0" encoding="UTF-8"?>
<!DOCTYPE mapper
  PUBLIC "-//mybatis.org//DTD Mapper 3.0//EN"
  "http://mybatis.org/dtd/mybatis-3-mapper.dtd">
<mapper namespace="hair">

<!--디자이너 헤어 등록 -->
<insert id="desig_hair_reg" parameterType="HairListDTO">
insert into hairlist values(#{hair_idx},#{designer_idx})
</insert>

<!-- 디자이너가 등록하지 않은 헤어리스트 출력 -->
<select id="desig_not_reg_hair_list" parameterType="HashMap" resultType="HairDTO">
select * from hair where hair_idx not in(select hair_idx from hairlist where designer_idx = #{designer_idx}) 
and hairshop_idx = #{hairshop_idx}
</select>

<!--헤어샵에 헤어 등록-->
<insert id="shop_hair_reg" parameterType="HairDTO">
insert into hair values(hair_idx.nextval,#{hair_sex},#{hair_style},#{hair_price},#{hair_etc},#{hairshop_idx},#{hair_option})
</insert>

<!--헤어샵에 헤어 리스트 -->
<select id="shop_hair_list" parameterType="Integer" resultType="HairDTO">
select * from hair where hairshop_idx = #{hairshop_idx}
</select>

<select id= "hairoption" resultType="hair.hair.model.HairOptionDTO" >
select * from hairoption where hairshop_idx = #{hairshop_idx}
</select>


<insert id="hairoption_reg" parameterType="hair.hair.model.HairOptionDTO">
insert into hairoption values(#{hairshop_idx},#{shorth},#{middleh},#{longh})
</insert>

<update id="hairoption_update" parameterType = "hair.hair.model.HairOptionDTO">
update hairoption set shorth = #{shorth} ,middleh = #{middleh} , longh = #{longh} where hairshop_idx = #{hairshop_idx}
</update>



<select id = "designer_reg_hair_list" parameterType="Integer" resultType="HairDTO">
select h.* from hairlist hl join hair h on hl.hair_idx  = h.hair_idx
where hl.designer_idx = #{designer_idx}
</select>

	<select id="hair_list" parameterType="integer" resultType="hair.hair.model.HairDTO">
		select * from hair where hair_idx in(select hair_idx from hairlist where designer_idx=#{designer_idx})
	</select>
	
	<select id="hairInfo" parameterType="integer" resultType="hair.hair.model.HairDTO">
		select * from hair where hair_idx=#{hair_idx}
	</select>
	



</mapper>
