<?xml version="1.0" encoding="UTF-8"?>
<!DOCTYPE mapper
  PUBLIC "-//mybatis.org//DTD Mapper 3.0//EN"
  "http://mybatis.org/dtd/mybatis-3-mapper.dtd">
<mapper namespace="hair.member">
	
<!-- member mypage -->


<select id="member_search_id" parameterType="HashMap" resultType="hair.member.model.MemberDTO">
		select * from member where member_name = #{member_name} and member_tel = #{member_tel} and member_email = #{member_email}
</select>
	
<select id="member_search_pwd" parameterType="HashMap" resultType="hair.member.model.MemberDTO">
		select * from member where member_id = #{member_id} and member_name = #{member_name} and member_email = #{member_email}
</select>
	
<update id="member_pwd_update" parameterType="HashMap" >
		update member set member_pwd = #{member_pwd} where member_idx = #{member_idx}
</update>

 <select id="payment_member_coupon_list" parameterType="Integer" resultMap="member_coupon_list_map">
 select * from member_coupon mp join hairshop_coupon hp on mp.hairshop_coupon_idx = hp.hairshop_coupon_idx join hairshop h on hp.hairshop_idx = h.hairshop_idx
 where mp.member_idx = #{member_idx} and (to_date(mp.member_coupon_deadline,'yy-mm-dd') -TO_DATE(TO_CHAR(sysdate, 'yyyy-mm-dd'), 'yyyy-mm-dd'))>0 and h.hairshop_idx = #{hairshop_idx} and mp.member_coupon_state = 0
 </select>
 
 <select id="member_coupon_list" parameterType="Integer" resultMap="member_coupon_list_map">
 select * from member_coupon mc join hairshop_coupon hc on hc.hairshop_coupon_idx = mc.hairshop_coupon_idx join hairshop h on hc.hairshop_idx = h.hairshop_idx
where to_date(mc.member_coupon_deadline,'yy-mm-dd')>=to_date(to_char(sysdate,'yyyy-mm-dd'),'yyyy-mm-dd') and mc.member_idx = #{member_idx} and mc.member_coupon_state=0
 </select>

<insert id="member_join" parameterType="MemberDTO">
    	insert into member values(member_idx.nextval,#{member_id},#{member_pwd},#{member_name},#{member_sex},#{member_birth},#{member_email},0,1,#{member_tel},sysdate,#{member_addr}) 	
    </insert>
	
<select id="member_total_resPrice" parameterType="Integer" resultType="Integer" >
   		select sum(reservation_price) from reservation where member_idx=#{member_idx} and reservation_state !=2
   </select>
	
<select id="member_pwdCheck" resultType="String" parameterType="Integer">
   	  select member_pwd from member where member_idx=#{member_idx}
     </select>

<update id="memberLeave" parameterType="HashMap">
   		update member set member_state = #{member_state} where member_idx=#{member_idx}
   </update>

<select id="memberInfo" parameterType="String" resultType="MemberDTO">
   		select * from member where member_id=#{member_id}
    </select>
    
<update id="memberUpdate" parameterType="HashMap">
        update member set member_pwd=#{member_pwd}, member_email=#{member_email}, member_addr=#{member_addr}, member_tel=#{member_tel} where member_id=#{member_id}
   </update>

 <select id="member_couponCount" parameterType="Integer" resultType="Integer">
        select count(*) from member_coupon where member_idx = #{member_idx} and member_coupon_state=0 and  to_date(member_coupon_deadline,'yy-mm-dd')>=to_date(to_char(sysdate,'yyyy-mm-dd'),'yyyy-mm-dd')	
     </select>
     
     <select id="member_messageCount" parameterType="Integer" resultType="Integer">
     	select count(*) from message where receiver_idx = #{member_idx} and message_state !=2
     </select>
     
 <update id="member_coupon_state" parameterType="Map">
 update member_coupon set member_coupon_state = #{state} where member_coupon_idx = #{member_coupon_idx}
 </update>    
     
     
     
<select id="member_reservationList" parameterType="Integer" resultMap="member_reservationList_map" >
	    select r.*,hs.hairshop_name,d.designer_name,h.hair_etc,h.hair_style 
	    from reservation r left join member_coupon mc on
	    r.member_coupon_idx = mc.member_coupon_idx left join hairshop_coupon hc on
	    mc.hairshop_coupon_idx = hc.hairshop_coupon_idx left join member m on
	    r.member_idx = m.member_idx join hairshop hs on
	    r.hairshop_idx = hs.hairshop_idx join designer d on
	    r.designer_idx = d.designer_idx join hair h on
	    r.hair_idx = h.hair_idx where m.member_idx = #{member_idx}
     </select>

<update id="member_reservation_Cancle" parameterType="Integer">
		update reservation set reservation_state = 2 where reservation_idx = #{reservation_idx}
	</update>

<select id="member_review_List"  parameterType="Integer" resultMap="mypage_reviewList">
     	select mr.*,hairshop_name from member_review mr left join hairshop h on mr.hairshop_idx = h.hairshop_idx where member_idx = #{member_idx}
     </select>


<select id="member_goodShop_hairshop_Info" parameterType="Integer" resultType="HairShopDTO" >
		 select fh.hairshop_idx,hairshop_state, hairshop_name,hairshop_level,hairshop_open, hairshop_addr from favorite_hairshop fh left join hairshop h on fh.hairshop_idx = h.hairshop_idx where member_idx=#{member_idx}
	</select>

<select id="member_goodShop_avg_count_Review" parameterType="Integer" resultType="hashmap">
		select count(*)reCount, NVL(round(avg(member_review_grade),1),0)avgrg from member_review  where (member_review_state=1) and (hairshop_idx = #{hairshop_idx})
</select>
	
<select id="member_goodShop_count_Reservation" parameterType="Integer" resultType="Integer">
		select count (*) from reservation where reservation_state = 1 and (hairshop_idx = #{hairshop_idx})
	</select>
	
<select id="member_goodShop_count_Favorite" parameterType="Integer" resultType="Integer">
		select count(*) from favorite_hairshop where hairshop_idx = #{hairshop_idx}
	</select>  
	
<select id ="member_good_Style" parameterType="Integer" resultType="hashmap">
		select hbg.*,hb.hairshop_bbs_state,hb.hairshop_idx,hb.hairshop_bbs_subject,hb. hairshop_bbs_thumb,hb.hair_idx,h.hair_style,h.hair_price,h.hair_etc,hs.hairshop_name
		from hairshop_bbs_good hbg left join hairshop_bbs hb on
		hbg.hairshop_bbs_idx = hb.hairshop_bbs_idx left join hair h on
		hb.hair_idx = h.hair_idx left join hairshop hs on
		hb.hairshop_idx = hs.hairshop_idx
		where hbg.member_idx = #{member_idx}
	</select>

<delete id="member_goodshop_Cancle" parameterType="hashmap" >
		  delete FAVORITE_HAIRSHOP where hairshop_idx=#{hairshop_idx} and member_idx=#{member_idx}
</delete>

<delete id="member_good_style_Cancle" parameterType="hashmap" >
		   delete hairshop_bbs_good where hairshop_bbs_idx=#{hairshop_bbs_idx} and member_idx=#{member_idx}
	</delete>

<select id="member_send_msg_list" parameterType="Integer" resultMap="info">
  		select * from message m left join member me on m.receiver_idx = me.member_idx left
        join hairshop h on h.hairshop_idx = m.receiver_idx where m.sender_idx= #{member_idx} and m.message_state!=2
  	</select>

<select id="member_message_Info" resultType="hair.message.model.MessageDTO">
  		select * from message where message_idx = #{message_idx}
  	</select>

<update id="member_msg_Check" parameterType="Integer">
		update message set message_state=1 where message_idx=#{message_idx}
	</update>

<insert id="member_message" parameterType="HashMap">
  		insert into message values
   		(message_idx.nextval,#{member_idx},#{receiver_idx},#{message_content},sysdate,0)
  	</insert>

<select id="member_login" parameterType="HashMap" resultType="MemberDTO">
      select * from member where member_id = #{member_id} and member_pwd = #{member_pwd}
   </select>
   
<update id="member_del_Msg" parameterType="Integer">
		update message set message_state=2 where message_idx=#{message_idx}
	</update>
	
<select id="member_receive_msg_list" parameterType="Integer" resultMap="info">
  		select * from message m left join member me on  me.member_idx = m.sender_idx
  		left join hairshop h on h.hairshop_idx = m.sender_idx  where m.receiver_idx = #{member_idx} and m.message_state!=2
  	</select>

<select id="member_idcheck" resultType="String" parameterType="String">
    	select member_id from member where member_id=#{member_id}
    </select>

<select id="getHairshop_idx" parameterType="Integer" resultType="Integer">
      	select distinct hairshop_idx from reservation where member_idx = #{member_idx}
     </select>
     
	<select id="member_sendMessage_TotalCnt" parameterType="Integer" resultType="Integer">
		select count(*) from message m left join member me on m.receiver_idx = me.member_idx left
        join hairshop h on h.hairshop_idx = m.receiver_idx where m.sender_idx= #{member_idx} and m.message_state!=2
	</select>
	<select id="member_receiveMessage_TotalCnt" parameterType="Integer" resultType="Integer">
		select count(*) from message m left join member me on  me.member_idx = m.sender_idx
  		left join hairshop h on h.hairshop_idx = m.sender_idx  where m.receiver_idx = #{member_idx} and m.message_state!=2
	</select>

	 	<select id="member_sendMessage" parameterType="HashMap" resultMap="info">
  		select * from
		(select rownum as r,d.* from 
		(select * from message m left join member me on m.receiver_idx = me.member_idx left
        join hairshop h on h.hairshop_idx = m.receiver_idx where m.sender_idx= #{member_idx} and m.message_state!=2)d)
		where r<![CDATA[>=]]>#{startnum} and r<![CDATA[<=]]>#{endnum}
  	</select>
  	
  	<select id="member_receiveMessage" parameterType="HashMap" resultMap="info">
  		select * from
		(select rownum as r,d.* from 
		(select * from message m left join member me on  me.member_idx = m.sender_idx
  		left join hairshop h on h.hairshop_idx = m.sender_idx  where m.receiver_idx = #{member_idx} and m.message_state!=2)d)
		where r<![CDATA[>=]]>#{startnum} and r<![CDATA[<=]]>#{endnum}
  	</select>


<insert id="memberReviewWrite" parameterType="hair.member.model.Member_ReviewDTO">
		insert into MEMBER_REVIEW values(
		MEMBER_REVIEW_IDX.nextval,
		#{member_review_subject},
		#{member_review_content},
		sysdate,
		#{member_review_grade},
		#{member_review_state},
		#{member_review_hashtag},
		#{member_idx},
		#{hairshop_idx},
		#{reservation_idx},
		#{member_review_thumb}
		)
	</insert>
	
	<update id="memberReviewUpdate" parameterType="hair.member.model.Member_ReviewDTO">
		update member_review set 
		member_review_subject=#{member_review_subject}, 
		member_review_content=#{member_review_content}, 
		member_review_hashtag=#{member_review_hashtag}, 
		member_review_thumb=#{member_review_thumb}
		where member_review_idx=#{member_review_idx}
	</update>
	
	<update id="memberReviewDel" parameterType="integer">
		update member_review set
		member_review_state=2
		where member_review_idx=#{member_review_idx}
	</update>
	
<select id="memberReviewList" parameterType="hashmap" resultType="hair.member.model.Member_ReviewDTO">
		select * from 
		(select rownum as rnum,a.* from 
		(select mb.*,hs.hairshop_name from MEMBER_REVIEW mb left join hairshop hs
        on 
        mb.hairshop_idx=hs.hairshop_idx
        where
        mb.MEMBER_REVIEW_STATE=1 and
        (
		mb.MEMBER_REVIEW_SUBJECT like '%${subjectvalue}%' ${ar}
		mb.member_review_content like '%${contentvalue}%'
		) and
		hs.hairshop_name like '%${namevalue}%' and
		mb.member_review_hashtag like '%${hashvalue}%'
		order by MB.${order} desc)a)b
		where rnum<![CDATA[>=#{startnum} and rnum<=]]>#{endnum}
	</select>
	
	<select id="memberReviewTotalCnt" parameterType="hashmap" resultType="integer">
		select count(*) from MEMBER_REVIEW mb left join hairshop hs
        on 
        mb.hairshop_idx=hs.hairshop_idx
        where
        mb.MEMBER_REVIEW_STATE=1 and
        (
		mb.MEMBER_REVIEW_SUBJECT like '%${subjectvalue}%' ${ar}
		mb.member_review_content like '%${contentvalue}%'
		) and
		hs.hairshop_name like '%${namevalue}%' and
		mb.member_review_hashtag like '%${hashvalue}%'
	</select>
	
	<select id="memberReviewContent" parameterType="integer" resultType="hair.member.model.Member_ReviewDTO">
		select * from member_review where member_review_idx=#{member_review_idx}
	</select>
	
	<insert id="review_reply_write" parameterType="hair.member.model.Review_ReplyDTO">
		INSERT INTO REVIEW_REPLY VALUES
		(
		REVIEW_REPLY_IDX.NEXTVAL,
		#{review_reply_content},
		sysdate,
		#{member_idx},
		#{member_review_idx}
		)
	</insert>
	
	<select id="review_reply_return" parameterType="integer" resultType="hair.member.model.Review_ReplyDTO">
		select r.*, m.member_name, h.hairshop_name  from 
		(select * from REVIEW_REPLY order by REVIEW_REPLY_WRITEDATE desc)r 
		left join member m on r.member_idx=m.member_idx 
		left join hairshop h on r.member_idx = h.hairshop_idx
		where rownum = 1 AND r.member_idx=#{member_idx}
	</select>
	
	<delete id="review_reply_delete" parameterType="integer">
		delete from REVIEW_REPLY where REVIEW_REPLY_IDX=#{review_reply_idx}
	</delete>
	
	<select id="review_reply" parameterType="integer" resultType="hair.member.model.Review_ReplyDTO">
		select  m.member_name ,re.*, h.hairshop_name 
		from review_reply re 
		left join member m on re.member_idx = m.member_idx 
		left join hairshop h on re.member_idx = h.hairshop_idx 
		where re.MEMBER_REVIEW_IDX=#{member_review_idx} 
		ORDER BY review_reply_writedate desc
	</select>
	
	<update id="review_reply_rewrite" parameterType="hashmap">
		UPDATE REVIEW_REPLY SET REVIEW_REPLY_CONTENT=#{review_reply_content} WHERE REVIEW_REPLY_IDX=#{review_reply_idx}
	</update>
	
	<select id="review_reply_selectone" parameterType="integer" resultType="hair.member.model.Review_ReplyDTO">
		SELECT r.*, m.member_name, h.hairshop_name FROM REVIEW_REPLY r left join member m on r.member_idx=m.member_idx left join hairshop h on r.member_idx=h.hairshop_idx WHERE review_reply_idx=#{review_reply_idx}
	</select>
	
	<select id="HairShop_GoodCk" parameterType="hashmap" resultType="integer">
		select count(*) from FAVORITE_HAIRSHOP where hairshop_idx=#{hairshop_idx} and member_idx=#{member_idx}
	</select>
	
	<insert id="HairShop_GoodOn" parameterType="hashmap">
		insert into FAVORITE_HAIRSHOP values(#{member_idx},#{hairshop_idx})
	</insert>
	
	<delete id="HairShop_GoodOff" parameterType="hashmap">
		delete FAVORITE_HAIRSHOP where hairshop_idx=#{hairshop_idx} and member_idx=#{member_idx}
	</delete>
	
   <insert id="member_hairshop_masage" parameterType="map">
      insert into message values(message_idx.nextval,#{member_idx},#{hairshop_idx},#{content},sysdate,0)
   </insert>
 
     
     <resultMap type="ReservationDTO" id="member_reservationList_map">
     <result  column="reservation_idx" property="reservation_idx"/>
     <result  column="reservation_date" property="reservation_date"/>
     <result  column="reservation_price" property="reservation_price"/>
     <result  column="member_idx" property="member_idx"/>
     <result  column="hairshop_idx" property="hairshop_idx"/>
     <result  column="designer_idx" property="designer_idx"/>
     <result  column="reservation_state" property="reservation_state"/>
     <result  column="hairoption_idx" property="hairoption_idx"/>
     <association property="hairshop" javaType="HairshopDTO">
     <result  column="hairshop_name" property="hairshop_name"/>
     </association>
      <association property="designer" javaType="DesignerDTO">
     <result  column="designer_name" property="designer_name"/>
     </association>
      <association property="hair" javaType="HairDTO">
     <result  column="hair_etc" property="hair_etc"/>
     <result  column="hair_style" property="hair_style"/>
     </association>
     </resultMap>
         
  
     <resultMap type="Member_ReviewDTO" id="mypage_reviewList">
     <result property="member_review_idx" column="member_review_idx"/>
     <result property="member_review_subject" column="member_review_subject"/>
      <result property="member_review_writedate" column="member_review_writedate"/>
      <association property="hairshop" javaType="HairshopDTO">
       <result property="hairshop_name" column="hairshop_name"/>
      </association>     
     </resultMap>
   
     
	<resultMap type="hair.message.model.MessageDTO" id="info">
			  <result property="message_idx" column="message_idx"/>
			  <result property="message_content" column="message_content"/>
			  <result property="receiver_idx" column="receiver_idx"/>
			  <result property="sender_idx" column="sender_idx"/>
			  <result property="message_state" column="message_state"/>
			  <result property="send_date" column="send_date"/>
		  <association property="memberDto" javaType="MemberDTO">
		  	  <result property="member_id" column="member_id"/>
		  	  <result property="member_idx" column="member_idx"/>
		  	  <result property="member_name" column="member_name"/>
		  </association>  
		  <association property="hairshopDto" javaType="HairShopDTO">
		      <result property="hairshop_id" column="hairshop_id"/>
		      <result property="hairshop_idx" column="hairshop_idx"/>
		      <result property="hairshop_name" column="hairshop_name"/>
		  </association>
	 	</resultMap>
  
  
  	
<resultMap type="HairShop_CouponDTO" id="member_coupon_list_map">
<result property="hairshop_coupon_idx" column="hairshop_coupon_idx"/>
<result property="hairshop_coupon_discount" column="hairshop_coupon_discount"/>
<association property="hairshopDTO" javaType="hairshopDTO">
<result property="hairshop_name" column="hairshop_name"/>
</association>
<association property="member_couponDTO" javaType="Member_CouponDTO">
<result property="member_coupon_idx" column="member_coupon_idx"/>
<result property="member_coupon_deadline" column="member_coupon_deadline"/>
</association>
</resultMap>
  	
  	
  	
  	
  	
  	
  	
  	
  	
  
	
	
	
	
	
</mapper>