<?xml version="1.0" encoding="UTF-8"?>
<!DOCTYPE mapper
  PUBLIC "-//mybatis.org//DTD Mapper 3.0//EN"
  "http://mybatis.org/dtd/mybatis-3-mapper.dtd">
<mapper namespace="reservation">


<!-- -->
<select id="reser_member_info" resultType="MemberDTO">
select * from member where member_idx = #{member_idx}
</select>

<!-- 예약 상태 업데이트 -->
<update id="reser_state_update" parameterType="Map">
update reservation set reservation_state = ${state} where reservation_idx = #{reservation_idx} 
</update>
<!--예약 정보  result map -->
<resultMap type="ReservationDTO" id="reservation_info">
<id property="reservation_idx" column="reservation_idx"/> 
<result property="reservation_date" column="reservation_date"/>
<result property="reservation_price" column="reservation_price"/>
<result property="member_coupon_idx" column="member_coupon_idx"/>
<result property="hairoption_idx" column="hairoption_idx"/>
<result property="reservation_state" column="reservation_state"/>
<result property="reservation_number" column="reservation_number"/>
<association property="member" javaType="MemberDTO">
<result property="member_name" column="member_name"/>
<result property ="member_sex" column="member_sex"/>
<result property ="member_tel" column="member_tel"/>
</association>
<association property="designer" javaType="DesignerDTO" >
<result property="designer_name" column="designer_name"/>
</association>
<association property="hair" javaType="HairDTO" >
<result property="hair_style" column="hair_style"/>
</association>
</resultMap>



<!--desig_schedule_list에서 예약 정보 보기-->
<select id = "reser_info" parameterType="Integer" resultMap="reservation_info">
SELECT * FROM hair h ,member m ,DESIGNER d,(SELECT *
FROM RESERVATION WHERE RESERVATION_IDX = #{idx})r
WHERE d.DESIGNER_IDX = r.DESIGNER_IDX AND m.MEMBER_IDX = r.MEMBER_IDX and h.HAIR_IDX = r.HAIR_IDX
</select>

<!--예약 등록 -->
<insert id = "reser_reg" parameterType = "ReservationDTO">
insert into reservation values(reservation_idx.nextval,to_date(#{reservation_date},'YYYY-MM-DD HH24:MI'),#{member_coupon_idx},#{reservation_price},#{member_idx},#{hairshop_idx},#{hair_idx},#{designer_idx},1,#{hairoption_idx},#{reservation_number})
</insert>



</mapper>
