<?xml version="1.0" encoding="UTF-8"?>
<!DOCTYPE configuration
  PUBLIC "-//mybatis.org//DTD Config 3.0//EN"
  "http://mybatis.org/dtd/mybatis-3-config.dtd"> 
<configuration>
  <typeAliases>
  <typeAlias type="hair.hairshop.designer.model.Designer_ScheduleDTO" alias="Designer_ScheduleDTO"/>
  <typeAlias type="hair.reservation.model.ReservationDTO" alias = "ReservationDTO"/>
  <typeAlias type="hair.hair.model.HairDTO" alias="HairDTO"/>
  <typeAlias type="hair.member.model.MemberDTO" alias="MemberDTO"/>
  <typeAlias type="hair.hair.model.HairListDTO" alias="HairListDTO"/>
  <typeAlias type="hair.hairshop.designer.model.DesignerDTO" alias="DesignerDTO"/>
  <typeAlias type="hair.hairshop.model.HairShop_CouponDTO" alias="HairShop_CouponDTO"/>
  <typeAlias type="hair.member.model.Member_CouponDTO" alias="Member_CouponDTO"/>
  <typeAlias type="hair.hairshop.model.HairShopDTO" alias="HairshopDTO"/>
  <typeAlias type="hair.member.model.Member_ReviewDTO" alias="Member_ReviewDTO"/>
  
  </typeAliases>
  

  <mappers>
    <mapper resource="sql/hairshopSql.xml"/>
      <mapper resource="sql/hairSql.xml"/>
      <mapper resource="sql/memberSql.xml"/>
      <mapper resource="sql/adminSql.xml"/>
     <mapper resource="sql/designer_sql.xml"/>
     <mapper resource="sql/hair_sql.xml"/>
     <mapper resource="sql/reservation_sql.xml"/>
  </mappers>  
</configuration>
