<?xml version="1.0" encoding="UTF-8"?>
<beans xmlns="http://www.springframework.org/schema/beans"
xmlns:aop="http://www.springframework.org/schema/aop"
  xmlns:context="http://www.springframework.org/schema/context"
   xmlns:xsi="http://www.w3.org/2001/XMLSchema-instance"
   xsi:schemaLocation="http://www.springframework.org/schema/beans http://www.springframework.org/schema/beans/spring-beans.xsd
    http://www.springframework.org/schema/aop http://www.springframework.org/schema/aop/spring-aop-3.0.xsd
     http://www.springframework.org/schema/context http://www.springframework.org/schema/context/spring-context-3.0.xsd">

<bean class="org.springframework.beans.factory.annotation.AutowiredAnnotationBeanPostProcessor"/>
  	
  <context:component-scan base-package="hair.controller" use-default-filters="false">
  <context:include-filter type="annotation" expression="org.springframework.stereotype.Controller"/>
  </context:component-scan>
  
 
    <aop:config>
	<aop:aspect id ="log" ref = "loginAOP">
	<aop:pointcut expression="execution(public * memberRivewBbsWrite(..))" id="logaop"/>
	<aop:around method="loginIDSessionChecker" pointcut-ref="logaop"/>
	</aop:aspect>
	</aop:config>
       
   <bean id = "loginAOP" class = "hair.module.loginAOS"></bean>
    

   
   <!-- upload -->
   <bean id="multipartResolver" class="org.springframework.web.multipart.commons.CommonsMultipartResolver">
	
	  <property name="defaultEncoding" value="UTF-8" />
	
	  <property name="maxUploadSize" value="10485760" />
	
	 </bean>

    <!--DB  -->
    <bean id="dataSource"  class="org.apache.commons.dbcp.BasicDataSource" abstract="false"
       lazy-init="false">
       <property name="driverClassName" value="oracle.jdbc.driver.OracleDriver"/>
       <property name="url" value="jdbc:oracle:thin:@yongstudy.iptime.org:9000:orcl"/>
       <property name="username" value="project04_03"/>
       <property name="password" value="project04_03"/>
    </bean>

    <bean id="transactionManager" class="org.springframework.jdbc.datasource.DataSourceTransactionManager">
       <property name="dataSource" ref="dataSource"/>
    </bean>
    
    <bean id="sqlSessionFactoryBean" class="org.mybatis.spring.SqlSessionFactoryBean">
       <property name="dataSource" ref="dataSource"/>
       <property name="configLocation" value="classpath:/Mybatis-config.xml"/>
    </bean>
    
    <bean id="sqlSessionTemplate" class="org.mybatis.spring.SqlSessionTemplate">
       <constructor-arg name="sqlSessionFactory" ref="sqlSessionFactoryBean"/>
    </bean>
 
 <!-- json -->

    <bean id= "json" class = "org.springframework.web.servlet.view.json.MappingJacksonJsonView"/>

     

     <!-- service -->
     
     <bean id="statisticsDao" class="hair.statistics.model.Week_StatisticsDAOImple">
		<constructor-arg>
			<ref bean="sqlSessionTemplate"/>
		</constructor-arg>
	</bean>
	<bean id="hairShop_BbsDAO" class="hair.hairshop.model.HairShop_BbsDAOImple">
		<constructor-arg>
			<ref bean="sqlSessionTemplate"/>
		</constructor-arg>
	</bean>
	
	<bean id="HairDAO" class="hair.hair.model.HairDAOImple">
		<constructor-arg>
			<ref bean="sqlSessionTemplate"/>
		</constructor-arg>
	</bean>
	
	
     <bean id = "reservationDAO" class= "hair.reservation.model.ReservationDAOImple">
     <constructor-arg name = "sqlMap" ref = "sqlSessionTemplate">
     </constructor-arg>
     </bean>
	
	<bean id="DesignerDAO" class="hair.hairshop.designer.model.DesignerDAOImple">
		<constructor-arg>
			<ref bean="sqlSessionTemplate"/>
		</constructor-arg>
	</bean>

	<bean id="HairListDAO" class="hair.hair.model.HairListDAOImple">
		<constructor-arg>
			<ref bean="sqlSessionTemplate"/>
		</constructor-arg>
	</bean>
	
	<bean id="HairShopDAO" class="hair.hairshop.model.HairShopDAOImple">
		<constructor-arg>
			<ref bean="sqlSessionTemplate"/>
		</constructor-arg>
	</bean>
	
	<bean id="HairShop_Related_BbsDAO" class="hair.hairshop.model.HairShop_Related_BbsDAOImple">
		<constructor-arg>
			<ref bean="sqlSessionTemplate"/>
		</constructor-arg>
	</bean>
	
	<bean id="HairShop_Bbs_GoodDAO" class="hair.hairshop.model.HairShop_Bbs_GoodDAOImple">
		<constructor-arg>
			<ref bean="sqlSessionTemplate"/>
		</constructor-arg>
	</bean>
	
	<bean id="Member_ReviewDAO" class="hair.member.model.Member_ReviewDAOImple">
		<constructor-arg>
			<ref bean="sqlSessionTemplate"/>
		</constructor-arg>	
	</bean>
	  <bean id="msgDao" class="hair.message.model.MessageDAOImple">
		<constructor-arg>
			<ref bean="sqlSessionTemplate"/>
		</constructor-arg>
	</bean>
	<bean id="Review_ReplyDAO" class="hair.member.model.Review_ReplyDAOImple">
		<constructor-arg>
			<ref bean="sqlSessionTemplate"/>
		</constructor-arg>		
	</bean>
		  
	<bean id="NoticeDAO" class="hair.community.model.NoticeDAOImple">
		<constructor-arg>
			<ref bean="sqlSessionTemplate"/>
		</constructor-arg>		
	</bean>
	
	<bean id="QnaDAO" class="hair.community.model.QnaDAOImple">
		<constructor-arg>
			<ref bean="sqlSessionTemplate"/>
		</constructor-arg>		
	</bean>

	<bean id="Hairshop_PhotoDAO" class="hair.hairshop.model.Hairshop_PhotoDAOImple">
		<constructor-arg>
			<ref bean="sqlSessionTemplate"/>
		</constructor-arg>		
	</bean>
	
	<bean id="Favorite_HairShopDAO" class="hair.hairshop.model.Favorite_HairShopDAOImple">
		<constructor-arg>
			<ref bean="sqlSessionTemplate"/>
		</constructor-arg>		
	</bean>
	
	<bean id="SponDAO" class="hair.spon.model.SponDAOImple">
		<constructor-arg>
			<ref bean="sqlSessionTemplate"/>
		</constructor-arg>		
	</bean>
	
	   <!-- service autowried DAO  section-->
   <bean id="MemberDAO" class="hair.member.model.MemberDAOImple">
      <constructor-arg>
         <ref bean="sqlSessionTemplate"/>         
      </constructor-arg>
   </bean>
   

     
    <bean id = "viewResolver" class = "org.springframework.web.servlet.view.InternalResourceViewResolver">
   <property name="prefix" value = "/WEB-INF/views/"/>
   <property name="suffix" value = ".jsp"/>
   <property name ="order" value = "1"/>
   </bean>
   
   
   <!--EMAIL-->
	<bean id="mailSender" class = "org.springframework.mail.javamail.JavaMailSenderImpl">
      <property name="host" value="smtp.gmail.com" />
      <property name="port" value="587" />
      <property name="username" value="sjdzn48625@gmail.com" />
      <property name="password" value="lj486257913" />
      <property name="javaMailProperties">
         <props>
               <prop key="mail.transport.protocol">smtp</prop>
               <prop key="mail.smtp.auth">true</prop>
               <prop key="mail.smtp.starttls.enable">true</prop>
               <prop key="mail.debug">true</prop>
         </props>
      </property>
      </bean>
 
</beans>